Caran d'Ache Cosmic Black,(Caran d(')?( )?ache )?(cd(')?a )?Cosmic Black,http://i.imgur.com/QjcUuKZ.jpg
Noodler's Golden Brown,Noodler(')?s golden brown,http://i.imgur.com/lm7TBKn.jpg
Pelikan Edelstein Topaz,(pelikan )?(edelstein )?topaz,http://i.imgur.com/GVc9weW.jpg
Robert Oster Signature Blue Sea,(Robert )?(Oster |RO )(Signature )?Blue sea,http://i.imgur.com/GS09fTY.jpg
Noodler's V-Mail Rabual Red,(Noodler(')?s )?(v(-)?mail )?rabual red,"http://i.imgur.com/eGiaSXs.jpg
"
Organics Studio Walt Whitman,(O(.)?S(.)? |Organic(')?(s)? Studio(')?(s)? )Walt whitman,http://i.imgur.com/fJFHey0.jpg
Noodler's Apache Sunset,(Noodler(')?s )?(apache sunset|as),http://i.imgur.com/xo8Hing.jpg
Sailor BungBox Mother Pink,(sailor )?(bung( )?(-)?box )?(bb )?Mother pink,http://i.imgur.com/1jSlIWz.jpg
Robert Oster Signature Bondi Blue,(Robert )?(Oster |RO )(Signature )?Bondi blue,http://i.imgur.com/Yb7h0OP.jpg
Sailor Storia Magic Purple,(sailor )?(storia )?magic purple,http://i.imgur.com/93tkvIs.jpg
Rohrer & Klingner Helianthus,((r( )?(&|and |\+)?( )?k )?|(rohrer (& |and |\+ )klingner ))?helianthus,http://i.imgur.com/Y7JmUlk.jpg
Diamine Sunshine Yellow,(Diamine )?sunshine yellow,http://i.imgur.com/PDvlB9K.jpg
Sailor Storia Fire Red,(sailor )?(storia )?fire red,http://i.imgur.com/NDRoOAV.jpg
Levenger Cardinal Red,Levenger cardinal red,http://i.imgur.com/Uijb361.jpg
Montblanc Corn Poppy Red,(Mont ?blanc |MB )Corn Poppy( red)?,http://i.imgur.com/c0tqDQr.jpg
Pilot Iroshizuku Ama-Iro,(Pilot )?(iroshizuku )?Ama ?-?iro,http://i.imgur.com/XbtcVyk.jpg
Noodler's Luxury Blue,(Noodler(')?s )?luxury blue,http://i.imgur.com/n8dRtLL.jpg
Sailor Nano Sei Boku,(sailor )?(jentle )?(nano )?sei( )?(-)?boku,http://i.imgur.com/JIGLh7m.jpg
Private Reserve Ebony Blue,(PR |private reserve )?ebony blue,http://i.imgur.com/1qgjxaF.jpg
Pilot Iroshizuku Kon-peki,circle-?jerk blue,http://i.imgur.com/tf9ubNf.jpg
Noodler's V-Mail Operation Overlord Orange,(Noodler(')?s )?(v(-)?mail )?operation overloard orange,http://i.imgur.com/It0tR3w.jpg
De Atramentis Black-Brown,(De ?Atramentis |DA )Black(-)?( )?brown,http://i.imgur.com/aXDF0HV.jpg
De Atramentis Elderberries,((De ?Atramentis )|(DA ))?Elderberries,http://i.imgur.com/6uxnfxJ.jpg
De Atramentis Pigeon Blue,(De ?Atramentis |DA )?pigeon blue,http://i.imgur.com/ek4Zb1Q.jpg
Noodler's Baystate Concord Grape,(Noodler(')?s )?Baystate concord grape,http://i.imgur.com/ESTevXu.jpg
Robert Oster Signature Emerald,(Robert )?(Oster |RO )(Signature )?emerald,http://i.imgur.com/5idSZRp.jpg
Diamine Autumn Oak,(Diamine )?autumn oak,http://i.imgur.com/i2ANFf2.jpg
Pilot Iroshizuku Asa-gao,(pilot )?(iroshizuku )?asa( )?(-)?gao,http://i.imgur.com/DNnq18u.jpg
Sailor Kingdom Note Dorcus Hopei Binodulosus,(Sailor )?(Kingdom Note |KN )?(Dorcus Hopei Binodulosus|DHB),http://i.imgur.com/8WHLmSH.jpg
Diamine Emerald,diamine emerald,http://i.imgur.com/blVnpvE.jpg
Sailor BungBox 88 Green Tea,(sailor )?(bung( )?(-)?box )?(bb )?(88 )?green tea,http://i.imgur.com/BhV4Csj.jpg
Sailor BungBox Sweet Potato Yellow,(sailor )?(bung( )?(-)?box )?(bb )?sweet potato yellow,http://i.imgur.com/MQodhkC.jpg
Diamine Graphite,Diamine Graphite,http://i.imgur.com/rBPtFLQ.jpg
Diamine Soft Mint,(Diamine )?soft mint,http://i.imgur.com/WOBKXr9.jpg
De Atramentis Steel Blue,((De ?Atramentis )|(DA ))Steel Blue,http://i.imgur.com/pCon4xx.jpg
Noodler's Burgundy,Noodler(')?s Burgundy,http://i.imgur.com/RLluRCf.jpg
Noodler's V-Mail Burma Road Brown,(Noodler(')?s )?(v(-)?mail )?Burma road brown,http://i.imgur.com/QYG8AkC.jpg
Pelikan Edelstein Aventurine,(pelikan )?(edelstein )?aventurine,http://i.imgur.com/D8mxdfo.jpg
J Herbin Vert Pre,(J?.? ?Herbin )?vert pre,http://i.imgur.com/qP1S0B6.jpg
Diamine Bilberry,(Diamine )?bilberry,http://i.imgur.com/2rxsbY9.jpg
Noodler's Turquoise,Noodler(')?s turquoise,http://i.imgur.com/HEaX2X4.jpg
Private Reserve Candy Apple Red Chromium,(PR |private reserve )?candy apple red( chromium)?,http://i.imgur.com/zzpghB7.jpg
De Atramentis Sepia Brown,(De ?Atramentis |DA )sepia brown,http://i.imgur.com/lZcNFV4.jpg
Private Reserve Black Cherry,(PR |private reserve )?black cherry,http://i.imgur.com/9heekyG.jpg
Lamy Neon Lime,lamy neon lime,http://i.imgur.com/MayjWqd.jpg
KWZ Ink #46,KWZ(I)? (Ink )?#( )?46,http://i.imgur.com/8o2qOKO.jpg
Caran d'Ache Infra Red,(Caran d(')?( )?ache )?(cd(')?a )?infra( )?red,http://i.imgur.com/BRMR7RG.jpg
Pilot Iroshizuku Mom-iji,(pilot )?(iroshizuku )?mom( )?(-)?iji,http://i.imgur.com/4aAbQT0.jpg
Rohrer & Klingner Alt-Goldgrun,((r( )?(&|and |\+)?( )?k )?|(rohrer (& |and |\+ )klingner ))?alt( )?(-)?gold ?gr(u|ü)n,http://i.imgur.com/fAraT0F.jpg
Private Reserve DC Supershow Violet,(PR |private reserve )?(dcssv|dc super( )?show violet),http://i.imgur.com/cxOxWQe.jpg
De Atramentis Aubergine,(De ?Atramentis |DA )?Aubergine,http://i.imgur.com/tD6VN35.jpg
Pilot Iroshizuku Ku-jaku,(pilot )?(iroshizuku )?ku( )?(-)?jaku,http://i.imgur.com/VvQvqkR.jpg
Organics Studio Marie Curie's Radium,(O(.)?S(.)? |Organic(')?(s)? Studio(')?(s)? )(Marie curie(')?(s)? )?Radium,http://i.imgur.com/V0b3hhq.jpg
Sailor BungBox Valentines chocolate,(sailor )?(bung( )?(-)?box )?(bb )?Valentine'?s chocolates?,http://i.imgur.com/vXrw9aJ.jpg
Noodler's Saguaro Wine,(Noodler(')?s )?saguaro wine,http://i.imgur.com/4YoQlS1.jpg
Omas Violet,omas Violet,http://i.imgur.com/QcqUQrU.jpg
Sheaffer Washable Blue,Sheaffer washable blue,"http://i.imgur.com/AVOMlJU.jpg
"
Caran d'Ache Caribbean Sea,(Caran d(')?( )?ache )?(cd(')?a )?caribbean sea,http://i.imgur.com/nR374aR.jpg
Noodler's Burma Road Brown,(Noodler(')?s )?burma road brown,http://i.imgur.com/W8UJsDD.jpg
J. Herbin Rouge Caroubier,(J?.? ?Herbin )?Rouge Caroubier,http://i.imgur.com/5qV6K7z.jpg
Sheaffer King's Gold,sheaffer king(')?s gold,http://i.imgur.com/L7cT8rL.jpg
Diamine Monaco Red,(Diamine )?monaco red,http://i.imgur.com/uqOIcnf.jpg
Chesterfield Antique Walnut,Chesterfield Antique Walnut,http://i.imgur.com/X7rQty0.jpg
Robert Oster Signature Deep sea,(Robert )?(Oster |RO )(Signature )?deep sea,http://i.imgur.com/lABFNQ0.jpg
Diamine Sepia,diamine sepia,http://i.imgur.com/9blJWAY.jpg
Noodler's Firefly,(Noodler(')?s )?firefly,http://i.imgur.com/6N6VZKQ.jpg
Diamine Shimmertastic Magical Forest,(Diamine )?(Shimmertastic )?magical forest,http://i.imgur.com/z96nrHw.jpg
Diamine Shimmertastic Blue Lightning,(Diamine )?(Shimmertastic )?blue lightning,http://i.imgur.com/Ur8P9BF.jpg
Monteverde Brown,monteverde brown,http://i.imgur.com/or2MZHd.jpg
Noodler's Black 2,Noodler(')?s Black 2,http://i.imgur.com/9EK2PhH.jpg
Pelikan Brilliant Black,(pelikan )?brilliant black,http://i.imgur.com/kVEMGwb.jpg
Diamine Ultra Green,Diamine Ultra Green,http://i.imgur.com/OjMF0sD.jpg
Pelikan Edelstein Aquamarine,(pelikan )?(edelstein )?aquamarine,http://i.imgur.com/NTzrHi6.jpg
Private Reserve Electric DC Blue,(PR |private reserve )?electric dc blue,http://i.imgur.com/bHbQCn9.jpg
Private Reserve Blue Suede (original),(PR |private reserve )?blue suede( original| old)( formula)?,http://i.imgur.com/DL9a3ug.jpg
Organics Studio John Hancock,(O(.)?S(.)? |Organic(')?(s)? Studio(')?(s)? )john hancock,http://i.imgur.com/CGUBF9l.jpg
Chesterfield Antique Yankee,Chesterfield Antique Yankee,http://i.imgur.com/De23RWM.jpg
Diamine Imperial Purple,(Diamine )?imperial purple,http://i.imgur.com/HCAXSoL.jpg
Visconti Sepia,visconti sepia,http://i.imgur.com/bcPfo7O.jpg
Pilot Iroshizuku Take-Sumi,(pilot )?(iroshizuku )?Take( )?(-)?sumi,http://i.imgur.com/uFqSnLh.jpg
Diamine Shimmertastic Blue Pearl,(Diamine )?(Shimmertastic )?blue pearl,http://i.imgur.com/Tgmmo4h.jpg
Aurora Black,aurora black,http://i.imgur.com/Gw0bxL8.jpg
Diamine Matador,(Diamine )?matador,http://i.imgur.com/Nulnxkw.jpg
Diamine Peach Haze,(Diamine )?peach haze,http://i.imgur.com/uUi24Vf.jpg
Chesterfield Antique Jade,Chesterfield Antique Jade,http://i.imgur.com/d02ChI5.jpg
Private Reserve Buttercup,(PR |private reserve )?buttercup,http://i.imgur.com/9e8mwCe.jpg
Diamine Golden Brown,diamine golden brown,http://i.imgur.com/leZa5tz.jpg
Pilot Iroshizuku Kosumosu,(pilot )?(iroshizuku )?kosumosu,http://i.imgur.com/tTKrYV1.jpg
Stipula Sepia,stipula sepia,http://i.imgur.com/N5luQHQ.jpg
Chesterfield Teal,Chesterfield Teal,http://i.imgur.com/5NFNt67.jpg
Sailor Storia Dancer Pink,(sailor )?(storia )?dancer pink,http://i.imgur.com/hjOz9I2.jpg
Levenger Greystoke,levenger gr(a|e)ystroke,http://i.imgur.com/GidLngs.jpg
Sailor BungBox Fuji Blue,(sailor )?(bung( )?(-)?box )?(bb )?fuji blue,http://i.imgur.com/8ntzWoj.jpg
Sailor Jentle Tokiwa Matsu,(sailor )?(jentle )?Tokiwa ?-?matsu,http://i.imgur.com/eXNthWk.jpg
KWZ Ink Iron Gall Gold,KWZ(I)? (Ink )?(IG|iron gall )gold,http://i.imgur.com/6htq0vP.jpg
Kaweco Palm Green,Kaweco Palm Green,http://i.imgur.com/PVHhMSD.jpg
Diamine Onyx Black,Diamine onyx( black)?,http://i.imgur.com/FFzXKGZ.jpg
De Atramentis Petrol,(De ?Atramentis |DA )?petrol,http://i.imgur.com/K8o2o9G.jpg
Noodler's Kung-Te-Cheng,(Noodler(')?s )?kung te ch(e|u)ng,http://i.imgur.com/77JToQ5.jpg
Sailor Jentle Sky High,(sailor )?(jentle )?sky high,http://i.imgur.com/3tQyOrV.jpg
Levenger Pinkly,Levenger Pinkly,http://i.imgur.com/l04xrEY.jpg
Sailor Maruzen Athena Black,(Sailor )?Maruzen Athena black,http://i.imgur.com/onwPoZS.jpg
Noodler's Sequoia,(Noodler(')?s )?Sequoia,http://i.imgur.com/JRJa1tW.jpg
Private Reserve Tropical Blue,(PR |private reserve )?tropical blue,http://i.imgur.com/UgYZIOI.jpg
Lamy Turquoise,lamy turquoise,http://i.imgur.com/MPmS9GO.jpg
Robert Oster Signature Tranquility,(Robert )?(Oster |RO )(Signature )?tranquility,http://i.imgur.com/Y4gcGIS.jpg
Sailor Jentle Fuji-Musume,(sailor )?(jentle )?fuji-? ?musume,http://i.imgur.com/8jjGxUp.jpg
Omas Green,omas green,http://i.imgur.com/g80nSes.jpg
Noodler's Yellow,Noodler(')?s yellow,http://i.imgur.com/CUqevkS.jpg
P.W. Akkerman #21 ChinaTown Red,(PW |P.W. |P W )?Akkerman (#21 |China( )?town red),http://i.imgur.com/n1oFHBy.jpg
Sailor Jentle Yama-dori,(sailor )?(jentle )?yama( )?(-)?dori,http://i.imgur.com/nWwb8lI.jpg
J Herbin Perle Noir,(J?.? ?Herbin )?perle noir,http://i.imgur.com/yb7oqQ5.jpg
Noodler's Cayenne,(Noodler(')?s )?cayenne,http://i.imgur.com/HnxUIUA.jpg
Private Reserve Copper Burst,(PR |private reserve )?copper burst,http://i.imgur.com/qlYSaMI.jpg
Noodler's Berning Red,(Noodler(')?s )?berning red,http://i.imgur.com/8zsyMGF.jpg
De Atramentis Indigo Blue,(De ?Atramentis |DA )?indigo blue,http://i.imgur.com/JDv5LxS.jpg
Diamine Jade Green,diamine jade green,http://i.imgur.com/TpekLSX.jpg
Pelikan Edelstein Mandarin,(pelikan )?(edelstein )?mandarin,http://i.imgur.com/e27FrHY.jpg
De Atramentis Jane Austen,(De ?Atramentis |DA )Jane Austen,http://i.imgur.com/nAC36gi.jpg
Noodler's Bad Blue Heron,(Noodler(')?s )?(Bad blue heron|bbh),http://i.imgur.com/tbaSKbz.jpg
Diamine Shimmertastic Purple Pazazz,(Diamine )?(Shimmertastic )?purple pazazz,http://i.imgur.com/zb1sKhh.jpg
J Herbin 1670 Emerald of Chivor,(J?.? ?Herbin )?(1670 )?(eoc|emerald of chivor),http://i.imgur.com/eEZYuNZ.jpg
Diamine Syrah,(Diamine )?syrah,http://i.imgur.com/lIFyhPc.jpg
Montblanc Oyster Grey,(Mont ?blanc |MB )oyster grey,http://i.imgur.com/Btl3sT4.jpg
Sailor BungBox L'Amant,(sailor )?(bung( )?(-)?box )?(bb )?l'amant,http://i.imgur.com/9R7Ahtc.jpg
Private Reserve Gray Flannel,(PR |private reserve )?gray flannel,http://i.imgur.com/oYVKpD6.jpg
Parker Penman Sapphire,(parker )?(pps|penman sapphire),http://i.imgur.com/ac3xHnv.jpg
Noodler's Shah's Rose,(Noodler(')?s )Shah'?s Rose,http://i.imgur.com/XRhGzrb.jpg
Sailor Jentle Doyou,(sailor )?(jentle )?doyou,http://i.imgur.com/MCL2aGr.jpg
Pilot Iroshizuku Syo-ro,(pilot )?(iroshizuku )?syo( )?(-)?ro,http://i.imgur.com/pNYiex7.jpg
Sailor BungBox Tangerine,(sailor )?(bung( )?(-)?box )?(bb )?tangerine,http://i.imgur.com/Fq68uLP.jpg
Diamine Ancient Copper,(Diamine )?Ancient copper,http://i.imgur.com/xrusJuV.jpg
Sheaffer Skrip Lavender,(sheaffer )?(skrip )?Lavender,http://i.imgur.com/hNVtNlp.jpg
J. Herbin Vert Empire,(J?.? ?Herbin )?Vert Empire,http://i.imgur.com/wv1C1um.jpg
De Atramentis Khaki,(De ?Atramentis |DA )khaki,http://i.imgur.com/T6wdpLO.jpg
Diamine Shimmertastic Golden Sands,(Diamine )?(Shimmertastic )?golden sands,http://i.imgur.com/NuiaWGT.jpg
Sailor BungBox Omaezaki Sunset,(sailor )?(bung( )?(-)?box )?(bb )?Omaezaki sunset,http://i.imgur.com/fEjkaWq.jpg
De Atramentis Lilac,(De ?Atramentis |DA )lilac,http://i.imgur.com/Dj5naMZ.jpg
Diamine Red Dragon,(Diamine )?red dragon,http://i.imgur.com/yaxe190.jpg
Diamine Mediterranean Blue,(Diamine )?Mediterranean Blue,http://i.imgur.com/ubYYrFA.jpg
Organics Studio Join or Die,(O(.)?S(.)? |Organic(')?(s)? Studio(')?(s)? )join or die,http://i.imgur.com/7NPbgSz.jpg
Pelikan Edelstein Jade,(pelikan )?(edelstein )?jade,http://i.imgur.com/7DY2VD0.jpg
Noodler's Rachmaninoff,(Noodler(')?s )?rachmaninoff,http://i.imgur.com/AEWl495.jpg
Levenger True Teal,Levenger true teal,http://i.imgur.com/wA9IYEA.jpg
Diamine Shimmertastic Shimmering Seas,(Diamine )?(Shimmertastic )?shimmering seas,http://i.imgur.com/xmt9EK9.jpg
Noodler's Kiowa Pecan,(Noodler(')?s )?kiowa pecan,http://i.imgur.com/ZMKN0vp.jpg
Diamine Classic Red,Diamine Classic Red,http://i.imgur.com/GvdzLgL.jpg
Diamine Regency Blue,(Diamine )?regency blue,http://i.imgur.com/sz4qzvv.jpg
Diamine Blue Velvet,Diamine Blue velvet,http://i.imgur.com/Qd5xwG8.jpg
KWZ Ink #38,KWZ(I)? (Ink )?#( )?38,http://i.imgur.com/e95zLxa.jpg
Lamy Dark Lilac,(Lamy )?Dark Lilac,http://i.imgur.com/vEUnshz.jpg
Noodler's Lightning Blue,Noodler(')?s lightning blue,http://i.imgur.com/VvXceb1.jpg
Noodler's Baystate Cranberry,(Noodler(')?s )?baystate cranberry,http://i.imgur.com/ImtX3QQ.jpg
Noodler's La Couleur Royale 2,(Noodler(')?s )?La (Couleur |Color |Coleur )Royale? 2,http://i.imgur.com/zmWhzE6.jpg
Noodler's Dragon Catfish Green,(Noodler(')?s )?Dragon Catfish Green,http://i.imgur.com/hGB2c2C.jpg
Diamine Sunset,diamine sunset,http://i.imgur.com/bdpOEcv.jpg
Pilot Iroshizuku Yu-yake,(pilot )?(iroshizuku )?yu( )?(-)?yake,http://i.imgur.com/5Z4Qzmy.jpg
Diamine Ochre,Diamine ochre,http://i.imgur.com/XtmMRzn.jpg
Sailor Jentle Irori,(sailor )?(jentle )?irori,http://i.imgur.com/6MBPJk8.jpg
Parker Quink Blue-Black,(parker )?(quink )?blue-? ?black,http://i.imgur.com/29m4jZZ.jpg
Sailor Jentle Apricot,(sailor )?(jentle )?apricot,http://i.imgur.com/sVc5dtQ.jpg
Diamine Eclipse,(Diamine )?eclipse,http://i.imgur.com/fplz6jv.jpg
Noodler's Lexington Gray,(Noodler(')?s )?lexington gr(e|a)y,http://i.imgur.com/b5nJegk.jpg
Noodler's Gruene Cactus  Eel ,(Noodler(')?s )?(gruene cactus eel|eel gruene cactus),http://i.imgur.com/oO8o43m.jpg
Noodler's Squeteague,(Noodler(')?s )?squeteague,http://i.imgur.com/KtOh4b4.jpg
Noodler's V-Mail Mandalay Maroon,(Noodler(')?s )?(v(-)?mail )?mandalay maroon,http://i.imgur.com/QU61EbG.jpg
Noodler's Gruene Cactus,(Noodler(')?s )?gruene cactus,http://i.imgur.com/iNQB4xN.jpg
Sailor BungBox Piano mahogany,(sailor )?(bung( )?(-)?box )?(bb )?piano mahogany,http://i.imgur.com/PrKiqc0.jpg
Diamine Sherwood Green,(Diamine )?sherwood green,http://i.imgur.com/0sK642O.jpg
Sheaffer Blue/Black,Sheaffer blue/?-? ?black,http://i.imgur.com/WD1kYiV.jpg
Sailor Storia Balloon Green,(sailor )?(storia )?balloon green,http://i.imgur.com/Wq3bYJT.jpg
Diamine Prussian Blue,(Diamine )?prussian blue,http://i.imgur.com/hcHjSa6.jpg
Private Reserve American Blue,(PR |private reserve )?american blue,http://i.imgur.com/JosVpxN.jpg
Diamine Shimmertastic Red Lustre,(Diamine )?(Shimmertastic )?red (lustre|luster),http://i.imgur.com/BIqm6Me.jpg
KWZ Ink #27,KWZ(I)? (Ink )?#( )?27,http://i.imgur.com/eT3HGCq.jpg
Montblanc for BMW,(Mont ?blanc |MB )(for )?BMW( Blue)?,http://i.imgur.com/qNT9M7y.jpg
Noodler's Zhivago,(Noodler(')?s )?zhivago,http://i.imgur.com/HOsbuww.jpg
Caran d'Ache UltraViolet,(Caran d(')?( )?ache )?(cd(')?a )?Ultraviolet,http://i.imgur.com/h7TvTYW.jpg
Noodler's El Lawrence,(Noodler(')?s )?el lawrence,http://i.imgur.com/AR8L2HU.jpg
Noodler's Walnut,Noodler(')?s walnut,http://i.imgur.com/A4VJFiO.jpg
Diamine Cerise,(Diamine )?cerise,http://i.imgur.com/72a7AGu.jpg
Private Reserve Burgundy Mist,(PR |private reserve )?burgundy mist,http://i.imgur.com/nCLx6zF.jpg
Montblanc Toffee Brown,(Mont ?blanc |MB )toffee brown,http://i.imgur.com/Kx43nqS.jpg
Hero 234 black,Hero (black ?|234 ?)?(234|black)?,http://i.imgur.com/MhEY6fd.jpg
Pilot Iroshizuku Shin-Kai,(pilot )?(iroshizuku )?shin ?-?kai,http://i.imgur.com/mminiNW.jpg
Sailor Jentle Shigure,(sailor )?(jentle )?shigure,http://i.imgur.com/c1izb5D.jpg
KWZ Ink Cherry,KWZ(I)? (Ink )?cherry,http://i.imgur.com/vMQj9KL.jpg
De Atramentis Fog Grey,(De ?Atramentis |DA )?Fog Grey,http://i.imgur.com/8RaL0MU.jpg
Chesterfield Smoked Topaz,Chesterfield Smoked Topaz,http://i.imgur.com/3ItvHAx.jpg
Noodler's Navy,Noodler(')?s navy,http://i.imgur.com/HOC98xI.jpg
Diamine Meadow,Diamine Meadow,http://i.imgur.com/VRWnMdW.jpg
Noodler's Black Eel,(Noodler(')?s )?(Black eel|eel black),http://i.imgur.com/xvH2AbK.jpg
Waterman Inspired Blue,(waterman )?(inspired |south sea(s)? )blue,http://i.imgur.com/3rVmU3f.jpg
Pilot Iroshizuku Fuyu-Syogun,(pilot )?(iroshizuku )?fuyu ?-?syogun,http://i.imgur.com/5EskRYq.jpg
J Herbin Orange Indien,(J?.? ?Herbin )?orange indien,http://i.imgur.com/TNS5N7W.jpg
Private Reserve Spearmint,(PR |private reserve )?spearmint,http://i.imgur.com/6R6pIyV.jpg
Noodler's V-Mail GI Green,(Noodler(')?s )?(v(-)?mail )?g.?i.? green,http://i.imgur.com/Q9pXpRK.jpg
De Atramentis R.L. Stevenson,((De ?Atramentis )|(DA ))?R.?L.? Stevenson,http://i.imgur.com/MA6PG6o.jpg
Seitz-Kreuznach Dark Orchid - Orchideen Violett,(Seitz-? ?Kreuznach )?(SK )?(dark orchid|orchideen violett),http://i.imgur.com/PuPlfEf.jpg
Diamine Oxblood,(Diamine )?oxblood,http://i.imgur.com/USEwJLz.jpg
Diamine Safari,diamine safari,http://i.imgur.com/giz0Rjc.jpg
Kaweco Paradise Blue,(Kaweco )?Paradise Blue,http://i.imgur.com/hMlmh3W.jpg
Private Reserve Avacado,(PR |private reserve )?av(a|o)cado,http://i.imgur.com/aDy1QoT.jpg
Sailor BungBox Sweet Love Pink,(sailor )?(bung( )?(-)?box )?(bb )?Sweet love( pink)?,http://i.imgur.com/xC4RFMp.jpg
Noodler's Purple Wampum,(Noodler(')?s )?Purple Wampum,http://i.imgur.com/YoQ4Mxv.jpg
Diamine Registrar's Blue Black,(Diamine )?registrar(')?s blue(-)?( )?black,http://i.imgur.com/vzzFEiu.jpg
Diamine Aqua Lagoon,(Diamine )?aqua lagoon,http://i.imgur.com/wBu648G.jpg
Sailor BungBox Sweet Potato Purple,(sailor )?(bung( )?(-)?box )?(bb )?sweet potato purple,http://i.imgur.com/FUC7Ztm.jpg
Sailor Storia Spotlight Yellow,(sailor )?(storia )?spotlight yellow,http://i.imgur.com/ckJ5jBJ.jpg
KWZ Ink Menthol Green,KWZ(I)? (Ink )?menthol green,http://i.imgur.com/k7f4Mqi.jpg
J Herbin Lie de The,(J?.? ?Herbin )?Lie de (the|thé),http://i.imgur.com/8SSmkpH.jpg
Diamine Sargasso Sea,(Diamine )?sargasso sea,http://i.imgur.com/8bOfZAz.jpg
Sailor Jentle Souten,(sailor )?(jentle )?souten,http://i.imgur.com/rOi4f2q.jpg
Pelikan Fount India,Pelikan fount india,http://i.imgur.com/kzbjL9i.jpg
Private Reserve Dakota Red,(PR |private reserve )?dakota red,http://i.imgur.com/2GdHTva.jpg
Aurora Blue,aurora blue,http://i.imgur.com/cvsUOgQ.jpg
Platinum Carbon Black,platinum carbon black,http://i.imgur.com/tAsv8D2.jpg
Toucan Sienna,toucan sienna,http://i.imgur.com/6wzYQlm.jpg
Diamine Terracotta,(Diamine )?terracotta,http://i.imgur.com/4pgp0KW.jpg
KWZ Ink #26,KWZ(I)? (Ink )?#( )?26,http://i.imgur.com/GDmLCvo.jpg
J Herbin Vert Reseda,(J?.? ?Herbin )?vert reseda,http://i.imgur.com/mE6bP2v.jpg
KWZ Ink GummiBerry,KWZ(I)? (Ink )?gummiberry,http://i.imgur.com/QaO3rIG.jpg
Diamine Eau de Nil,(Diamine )?eau de nil,http://i.imgur.com/WGT2BrJ.jpg
Diamine Twilight,(Diamine )?Twilight,http://i.imgur.com/QghvMel.jpg
Visconti Turquoise,visconti turquoise,http://i.imgur.com/236HRzS.jpg
Noodler's Air Corp Blue Black,(Noodler(')?s )?(ACBB|Air( )?Corp Blue( )?(-)?black),http://i.imgur.com/xCM8E1y.jpg
Diamine Asa Blue,(Diamine )?Asa Blue,http://i.imgur.com/3b0jAaB.jpg
J Herbin Cacao du Brésil,(J?.? ?Herbin )?(cacao |cocoa )(du |de )(bresil|brésil|brazil|brezil),http://i.imgur.com/xAzu3Lg.jpg
Noodler's Navajo Turquoise,(Noodler(')?s )?Navajo Turquoise( eel)?,http://i.imgur.com/kgBLuAf.jpg
Private Reserve Tanzanite Ink,(PR |private reserve )?Tanzanite,http://i.imgur.com/QHcALRX.jpg
Private Reserve Lake Placid Blue,(PR |private reserve )?lake placid blue,http://i.imgur.com/uZ88q3I.jpg
Pilot Iroshizuku Shin-ryoku,(pilot )?(iroshizuku )?Shin( )?(-)?ryoku,http://i.imgur.com/qrjEcwZ.jpg
Pilot Iroshizuku Tsutsuji,(pilot )?(iroshizuku )?tsutsuji,http://i.imgur.com/R3nlN9T.jpg
Pelikan Edelstein Turmaline (Ink of the year 2012),(pelikan )?(edelstein )?Turmaline,http://i.imgur.com/ralH46n.jpg
Montblanc Honore de Balzac Dandy Turquoise,(Mont ?blanc |MB )(Honore de )?(Balzac )?Dandy turquoise,http://i.imgur.com/6aEYhsS.jpg
KWZ Ink Grass Green,KWZ(I)? (Ink )?grass green,http://i.imgur.com/MQw8k9B.jpg
Noodler's Violet,Noodler(')?s violet,http://i.imgur.com/jiZgDU3.jpg
Diamine Silver Fox,(Diamine )?silver fox,http://i.imgur.com/KYXfbbM.jpg
Sailor Jentle Nioi-Sumire,(sailor )?(jentle )?nioi( )?(-)?sumire,http://i.imgur.com/p8oc7Ep.jpg
Montblanc Violet,(Montblanc |MB )Violet,http://i.imgur.com/kyALO07.jpg
Private Reserve Sepia,(PR |private reserve )sepia,http://i.imgur.com/HM1SKAY.jpg
Seitz-Kreuznach Cinnamon Brown - Zimtbraun,(Seitz-? ?Kreuznach )?(SK )?(cinnamon( brown)?|zimtbraun),http://i.imgur.com/WFLYs1u.jpg
Pelikan Edelstein Garnet (Ink of the year 2014),(pelikan )?(edelstein )?Garnet,http://i.imgur.com/7Q8IES1.jpg
Noodler's X-feather,(Noodler(')?s )?x(-| )?feather,http://i.imgur.com/ERUYbIs.jpg
Organics Studio Blue Merle,(O(.)?S(.)? |Organic(')?(s)? Studio(')?(s)? )Blue merle,http://i.imgur.com/NTD2Xoj.jpg
Noodler's General of the Armies,(Noodler(')?s )?general of the armies,http://i.imgur.com/Ejpb1fE.jpg
Diamine Orange,diamine orange,http://i.imgur.com/qQxHJlp.jpg
Pelikan Edelstein Amethyst,(pelikan )?(edelstein )?amethyst,http://i.imgur.com/bygMP7c.jpg
KWZ Ink Iron Gall Turquoise,KWZ(I)? (Ink )?(ig |iron gall )turquoise,http://i.imgur.com/1GvzT42.jpg
Montblanc Lavender Purple,(Mont ?blanc |MB )Lavender( Purple)?,http://i.imgur.com/xCiEu9E.jpg
Sailor BungBox Sapphire,(sailor )?(bung( )?(-)?box )?(bb )?sapphire,http://i.imgur.com/f0XbO9D.jpg
Noodler's Bernanke Black,(Noodler(')?s )?bernanke black,http://i.imgur.com/6WBeq1Z.jpg
Caran d'Ache Hypnotic Turquoise,(Caran d(')?( )?ache )?(cd(')?a )?Hypnotic turquoise,http://i.imgur.com/17lPYSS.jpg
Diamine Chocolate Brown,Diamine chocolate brown,http://i.imgur.com/1N2A8xY.jpg
Diamine Kelly Green,(Diamine )?Kelly green,http://i.imgur.com/Z4iAur0.jpg
Sailor Jentle Rikyu-Cha,(sailor )?(jentle )?rikyu-? ?(tea|cha),http://i.imgur.com/ZdAy87e.jpg
Private Reserve Plum,(PR |private reserve )plum,http://i.imgur.com/g5CYdKL.jpg
Franklin Christoph Terra Firma,(fc )?(f-c )?(franklin(-)?( )?christoph )?terra firma,http://i.imgur.com/WZoeP0I.jpg
Sanford's Penit Cardinal Red,Sanford'?s penit cardinal red,http://i.imgur.com/VTlRfqN.jpg
KWZ Ink Honey,KWZ(I)? (Ink )?honey,http://i.imgur.com/6OKSaIE.jpg
Organics Studio Jane Austen,(O(.)?S(.)? |Organic(')?(s)? Studio(')?(s)? )jane austen,http://i.imgur.com/ISJG2lb.jpg
Noodler's Polar Blue,(Noodler(')?s )?Polar Blue,http://i.imgur.com/ivEpVkk.jpg
Omas Turquoise,omas Turquoise,http://i.imgur.com/EYsflyj.jpg
Sailor BungBox Tsuyuhikari Light Soup Green,(sailor )?(bung( )?(-)?box )?(bb )?(Tsuyuhikari |light soup( green)?),http://i.imgur.com/aKdAkli.jpg
KWZ Ink Azure #4,KWZ(I)? (Ink )?Azure #( )?4,http://i.imgur.com/Qp50en2.jpg
Sailor Jentle Sakura Mori,(sailor )?(jentle )?sakura-? ?mori,http://i.imgur.com/yf6Alj9.jpg
Noodler's V-Mail North African Violet,(Noodler(')?s )?(v(-)?mail )?north african violet,http://i.imgur.com/V2eb5dW.jpg
Private Reserve Vampire Red,(PR |private reserve )?vampire red,http://i.imgur.com/nT2kA6N.jpg
Sailor Storia Lion Light Brown,(sailor )?(storia )?lion( light brown)?,http://i.imgur.com/fmnwUHT.jpg
Diamine Grape,diamine grape,http://i.imgur.com/OIeVrbd.jpg
Private Reserve Chocolat,(PR |private reserve )?chocolat(e)?,http://i.imgur.com/Xv5bUqP.jpg
KWZ Ink #20,KWZ(I)? (Ink )?(Violet )?(# ?7|# ?20),http://i.imgur.com/KLxI2i6.jpg
Graf von Faber-Castell Deep Sea Green,(gv)?(fc )?(Graf von )?(Faber(-)?( )?Castell? )?Deep Sea Green,http://i.imgur.com/uVHbBYu.jpg
J Herbin Vert Olive,(J?.? ?Herbin )?vert olive,http://i.imgur.com/ZAfStGC.jpg
Sailor Jentle Yuki-Akari,(sailor )?(jentle )?yuki-? ?akari,http://i.imgur.com/OOVGlmh.jpg
Noodler's Purple,Noodler(')?s purple,http://i.imgur.com/6s9rgOQ.jpg
Diamine Macassar,(Diamine )?Macassar,http://i.imgur.com/tiZCxeY.jpg
Organics Studio Mercury,(O(.)?S(.)? |Organic(')?(s)? Studio(')?(s)? )mercury,http://i.imgur.com/weXqXLK.jpg
Diamine Burnt Sienna,Diamine burnt sienna,http://i.imgur.com/9OSvhud.jpg
Visconti Blue,visconti blue,http://i.imgur.com/c9EJgoE.jpg
Sailor Storia Clown Yellow Green,(sailor )?(storia )?clown yellow( )?(-)?green,http://i.imgur.com/MgXMVu0.jpg
Sailor BungBox Cherry Blossom,(sailor )?(bung( )?(-)?box )?(bb )?(Sakura ?-?saku|Cherry Blossom),http://i.imgur.com/hcxCSS4.jpg
Sailor BungBox Hatsuyume Aofuji,(sailor )?(bung( )?(-)?box )?(bb )?Hatsuyume ?-?aofuji,http://i.imgur.com/JwAHfdn.jpg
Pilot Iroshizuku Tsuyu-kusa,(pilot )?(iroshizuku )?tsuyu ?-?kusa,http://i.imgur.com/IxUB6zB.jpg
Noodler's Heart of Darkness,(Noodler(')?s )?(hod|heart of darkness),http://i.imgur.com/XzIJ3XJ.jpg
Diamine Majestic Purple,(Diamine )?majestic purple,http://i.imgur.com/NxlluVu.jpg
J Herbin 1670 Stormy Gray,(J?.? ?Herbin )?(1670 )?stormy (gray|grey),http://i.imgur.com/4lAmZe0.jpg
Noodler's Fox,(Noodler(')?s )?Fox( red)?,http://i.imgur.com/wH9ajei.jpg
Sailor BungBox Omaezaki Sea,(sailor )?(bung( )?(-)?box )?(bb )?omaezaki sea,http://i.imgur.com/zv3zb7K.jpg
Noodler's Nikita,(Noodler(')?s )?nikita,http://i.imgur.com/yxulJNS.jpg
J Herbin Poussiere de Lune,(J?.? ?Herbin )?poussi(e|è)re de lune,http://i.imgur.com/m8Dhomh.jpg
Graf Von Faber Castell Carbon Black,(gv)?(fc )?(Graf von )?(Faber(-)?( )?Castell? )?Carbon black,http://i.imgur.com/RPssYGe.jpg
Chesterfield Siam,Chesterfield Siam,http://i.imgur.com/mBAyt7t.jpg
Noodler's Red-Black,(Noodler(')?s )Red ?-?Black,http://i.imgur.com/bqIW37v.jpg
Sailor Jentle Grenade,(sailor )?(jentle )?grenade,http://i.imgur.com/uQPi7zu.jpg
Noodler's Dragon Napalm,(Noodler(')?s )?dragon(')?(s)? napalm,http://i.imgur.com/G2vdpkY.jpg
Noodler's Liberty's Elysium,(Noodler(')?s )?Liberty(')?s( elysium| elisium),http://i.imgur.com/yk289Lv.jpg
Montblanc Pink,(Mont ?blanc |MB )Pink,http://i.imgur.com/J7pMknb.jpg
Diamine Crimson,Diamine Crimson,http://i.imgur.com/IKFbmi8.jpg
Noodler's #41 Brown,(Noodler(')?s )?# ?41 Brown,http://i.imgur.com/0YUAZrh.jpg
Noodler's Bernanke Blue,(Noodler(')?s )?bernanke blue,http://i.imgur.com/V0N6tmq.jpg
Sailor Jentle Chu-Shu,(sailor )?(jentle )?chu-? ?shu,http://i.imgur.com/Rmxh6qX.jpg
Sailor Jentle Oku Yama,(sailor )?(jentle )?oku( )?(-)?yama,http://i.imgur.com/LCRur59.jpg
Rohrer & Klingner Solferino,((r( )?(&|and |\+)?( )?k )?|(rohrer (& |and |\+ )klingner ))?solferino,http://i.imgur.com/lSjNCvY.jpg
Montblanc Racing Green,(Montblanc |MB )Racing Green,http://i.imgur.com/XSYncde.jpg
Chesterfield Fire Opal,Chesterfield Fire Opal,http://i.imgur.com/GwKxCMa.jpg
Private Reserve Arabian Rose,(PR |private reserve )?arabian rose,http://i.imgur.com/I0DaO2d.jpg
Private Reserve Purple Mojo,(PR |private reserve )?purple mojo,http://i.imgur.com/qIILQQd.jpg
Private Reserve Blue Suede (new formula),(PR |private reserve )?blue suede( new)?( formula)?,http://i.imgur.com/k3EozGA.jpg
Private Reserve Sonic Blue,(PR |private reserve )?sonic blue,http://i.imgur.com/dBAZylO.jpg
Diamine Saddle Brown,(Diamine )?saddle brown,http://i.imgur.com/IflWiLG.jpg
De Atramentis Herbs de Provence,(De ?Atramentis |DA )?Herbs de provence,http://i.imgur.com/arMwPlb.jpg
Montblanc Mystery Black,(Mont ?blanc |MB )mystery black,http://i.imgur.com/6DSKuTA.jpg
Diamine Woodland Green Ink,(Diamine )?Woodland Green,http://i.imgur.com/aKuYkm9.jpg
Private Reserve Sherwood Green,(PR |private reserve )?sherwood green,http://i.imgur.com/PIRbbkX.jpg
Private Reserve Midnight Blues,(PR |private reserve )?midnight blues,http://i.imgur.com/ug2v56M.jpg
Diamine Salamander,(Diamine )?Salamander,http://i.imgur.com/kvZk4er.jpg
De Atramentis Alexander Hamilton,(De ?Atramentis |DA )?(Alexander Hamilton|\$10 ?Founding ?Father),http://i.imgur.com/yP4GjU5.jpg
Noodler's Borealis Black,(Noodler(')?s )?borealis black,http://i.imgur.com/JWeACpq.jpg
Chesterfield Antique Mariner,Chesterfield Antique Mariner,http://i.imgur.com/kRSVA4k.jpg
KWZ Ink Old Gold,KWZ(I)? (Ink )?old gold,http://i.imgur.com/55VhqK4.jpg
Noodler's Turquoise Eel,(Noodler(')?s )?(American )?turquoise( American )? eel,http://i.imgur.com/o4mBGcZ.jpg
Noodler's Black Swan in Australian Roses,(Noodler(')?s )?(BS(I)?AR|Black swan in australian roses),http://i.imgur.com/KG8OMO2.jpg
Noodler's Antietam,(Noodler(')?s )?antietam,http://i.imgur.com/iSuxqnb.jpg
Noodler's Rome Burning,(Noodler(')?s )?rome burning,http://i.imgur.com/CxExqVs.jpg
Diamine Denim,Diamine Denim,http://i.imgur.com/Su2qxPb.jpg
Sheaffer Brown,sheaffer brown,http://i.imgur.com/hR6SDu0.jpg
Noodler's V-Mail Midway Blue,(Noodler(')?s )?(v(-)?mail )?midway blue,http://i.imgur.com/nQ8JT2i.jpg
Pilot Iroshizuku Tsukushi,(pilot )?(iroshizuku )?tsukushi,http://i.imgur.com/SAr78fG.jpg
Graf von Faber Castell Stone Grey,(gv)?(fc )?(Graf von )?(Faber(-)?( )?Castell? )?stone grey,http://i.imgur.com/0EirfAI.jpg
Diamine Steel Blue,(Diamine )?steel blue,http://i.imgur.com/QVnrvuE.jpg
Organics Studio Edgar Allan Poe,(O(.)?S(.)? |Organic(')?(s)? Studio(')?(s)? )edgar allan poe,http://i.imgur.com/KvhmZb1.jpg
KWZ Ink #47,KWZ(I)? (Ink )?#( )?47,http://i.imgur.com/ueRhd4J.jpg
Noodler's Bad Belted Kingfisher,(Noodler(')?s )?(bad belted kingfisher|bbk),http://i.imgur.com/pnGo4H6.jpg
Robert Oster Signature Australian Sky,(Robert )?(Oster |RO )(Signature )?Australian Sky,http://i.imgur.com/5SDWz1L.jpg
Diamine Shimmertastic Brandy Dazzle,(Diamine )?(Shimmertastic )?brandy dazzle,http://i.imgur.com/N05CxxF.jpg
Sailor Jentle Osmanthus,(sailor )?(jentle )?osmanthus,http://i.imgur.com/eZdHYBr.jpg
Sailor Storia Night Blue,(sailor )?(storia )?night blue,http://i.imgur.com/gdqfsjJ.jpg
Diamine Poppy Red,diamine poppy( red)?,http://i.imgur.com/BySaZk8.jpg
Private Reserve Shoreline Gold,(PR |private reserve )?shoreline gold,http://i.imgur.com/M6unzYH.jpg
Sheaffer Skrip Red,(sheaffer )?(skrip )?red,http://i.imgur.com/M0ULOQ6.jpg
Montblanc Irish Green,(Mont ?blanc |MB )irish green,http://i.imgur.com/p9A0lRQ.jpg
Pilot Iroshizuku Aji-sai,(pilot )?(iroshizuku )?aji ?-?sai,http://i.imgur.com/o1fBKN5.jpg
Noodler's Army Green,(Noodler(')?s )?Army Green,http://i.imgur.com/muMgxW1.jpg
Diamine Marine,(Diamine )?marine,http://i.imgur.com/q0FxRs2.jpg
De Atramentis Midnight Blue,(De ?Atramentis |DA )?midnight blue,http://i.imgur.com/dm3SSZM.jpg
Caran d'Ache Divine Pink,(Caran d(')?( )?ache )?(cd(')?a )?Divine Pink,http://i.imgur.com/e5Zrwhh.jpg
Noodler's Nightshade,(Noodler(')?s )?Nightshade,http://i.imgur.com/XJCERc4.jpg
Diamine Midnight Ink,Diamine Midnight,http://i.imgur.com/I2cZdQy.jpg
Montblanc Royal Blue,(Mont ?blanc |MB )royal blue,http://i.imgur.com/9yTkSJH.jpg
Rohrer & Klingner Salix,((r( )?(&|and |\+)?( )?k )?|(rohrer (& |and |\+ )klingner ))?salix,http://i.imgur.com/9dM7R65.jpg
Chesterfield Amethyst,Chesterfield Amethyst,http://i.imgur.com/FvG4275.jpg
Sailor Kiwa-Guro,(sailor )?(jentle )?kiwa( )?(-)?guro,http://i.imgur.com/5TZ25bB.jpg
Noodler's 54th Massachusetts,(Noodler(')?s )?54th Mass(achusetts)?,http://i.imgur.com/jOwtFUT.jpg
J Herbin Lierre Sauvage,(J?.? ?Herbin )?lierre sauvage,http://i.imgur.com/xg2vAxK.jpg
Sailor Jentle Waka-Uguisu,(sailor )?(jentle )?waka-? ?uguisu,http://i.imgur.com/mzZBfgp.jpg
Sailor BungBox Tears of a Clown Ruby,(sailor )?(bung( )?(-)?box )?(bb )?(Ruby|Tears of a clown),http://i.imgur.com/j0oqkH6.jpg
Blackstone Barrier Reef Blue ,(Blackstone )?Barrier Reef( Blue)?,http://i.imgur.com/MxAlFKB.jpg
Graf von Faber Castell Hazelnut Brown,(gv)?(fc )?(Graf von )?(Faber(-)?( )?Castell? )?hazelnut brown,http://i.imgur.com/BQtSoJS.jpg
Noodler's Hellfire HL,(Noodler(')?s )?hellfire,http://i.imgur.com/DfFa4F3.jpg
De Atramentis Violets,(De ?Atramentis |DA )violets?,http://i.imgur.com/ZCvwg6S.jpg
Pelikan Edelstein Amber (Ink of the year 2013),(pelikan )?(edelstein )?Amber,http://i.imgur.com/45p6PlH.jpg
Pelikan Edelstein Tanzanite,(pelikan )?(edelstein )?tanzanite,http://i.imgur.com/s9b5o1X.jpg
Noodler's Park (Sang Hak) Red,(Noodler(')?s )?park (sang hak )?red,http://i.imgur.com/DPPLlCL.jpg
Hero 233 blue,Hero (blue ?|233 ?)?(233|blue)?,http://i.imgur.com/KS3pu1C.jpg
Diamine Pumpkin,diamine pumpkin,http://i.imgur.com/1xoJu0G.jpg
Diamine Apple Glory,(Diamine )?apple glory,http://i.imgur.com/9dWwrqI.jpg
Hero 232 blue/black,Hero (blue/? ?-?black ?|232 ?)?(232|blue/? ?-?black)?,http://i.imgur.com/KpPOo4j.jpg
Diamine Wild Strawberry,(Diamine )?wild strawberry,http://i.imgur.com/dJHi8vu.jpg
Sailor BungBox June Bride,(sailor )?(bung( )?(-)?box )?(bb )?june bride,http://i.imgur.com/zOxVWEX.jpg
J Herbin 1670 Rouge Hematite,(J?.? ?Herbin )?(1670 )?rouge hematite,http://i.imgur.com/xpkIKYz.jpg
Montegrappa Bordeaux,Montegrappa bordeaux,http://i.imgur.com/dlNF9Td.jpg
Pilot Iroshizuku Chiku-Rin,(pilot )?(iroshizuku )?Chiku-? ?rin,http://i.imgur.com/7Gv8fL7.jpg
Private Reserve Orange Crush,(PR |private reserve )?orange crush,http://i.imgur.com/bunT1YO.jpg
Noodler's Red,Noodler(')?s red,http://i.imgur.com/7WZEVVo.jpg
Parker Quink MicroFilm Black for VMAIL,(Parker )?(Quink )?Microfilm black for vmail,http://i.imgur.com/HOcP3Ed.jpg
Noodler's Bluerase,(Noodler(')?s )?bluerase,http://i.imgur.com/zIxmanZ.jpg
Waterman Harmonious Green,(waterman )?harmonious green,http://i.imgur.com/ClCmDvZ.jpg
Private Reserve DC Supershow Blue,(PR |private reserve )?(dcssb|dc super( )?show blue),http://i.imgur.com/BW2HEFP.jpg
Waterman Audacious Red,(waterman )?audacious red,http://i.imgur.com/0K1Lv9f.jpg
Noodler's Concord Bream,(Noodler(')?s )?concord bream,http://i.imgur.com/euVJx88.jpg
Sailor Jentle Miruai,(sailor )?(jentle )?miruai,http://i.imgur.com/tiY9gH6.jpg
Pilot Iroshizuku Fuyu-gaki,(pilot )?(iroshizuku )?Fuyu( )?(-)?gaki,http://i.imgur.com/A32BuPK.jpg
Noodler's Baystate Blue,(Noodler(')?s )?(BSB|Baystate Blue|Accursed ink),http://i.imgur.com/rVwh6AK.jpg
Pelikan Edelstein Onyx,(pelikan )?(edelstein )?onyx,http://i.imgur.com/W20c8KV.jpg
Private Reserve Cadillac Green,(PR |private reserve )?cadillac green,http://i.imgur.com/hFLeEBe.jpg
J Herbin Cafe des Iles,(J?.? ?Herbin )?caf(é|e) des (í|i)(s)?les,http://i.imgur.com/eIrGFLv.jpg
Private Reserve Naples Blue,(PR |private reserve )?naples blue,http://i.imgur.com/07QaejI.jpg
Noodler's Cactus Fruit Eel,(Noodler(')?s )?cactus fruit( eel)?,http://i.imgur.com/tmLAitx.jpg
Pilot Iroshizuku Kon-peki,(pilot )?(iroshizuku )?Kon ?-?peki,http://i.imgur.com/tf9ubNf.jpg
Rohrer & Klingner Sepia,((r( )?(&|and |\+)?( )?k )?|(rohrer (& |and |\+ )klingner ))?sepia,http://i.imgur.com/DBPadOR.jpg
Noodler's Brown,Noodler(')?s Brown,http://i.imgur.com/JGuuTae.jpg
Caran d'Ache Delicate Green,(Caran d(')?( )?ache )?(cd(')?a )?Delicate green,http://i.imgur.com/3reRxcc.jpg
Pelikan m205 Duo Green Highlighter,(pelikan )?(m205 )?(duo )?green (HL|highlighter),http://i.imgur.com/s2aKjLV.jpg
Rohrer & Klingner Verdura,((r( )?(&|and |\+)?( )?k )?|(rohrer (& |and |\+ )klingner ))?verdura,http://i.imgur.com/5svLJJ5.jpg
De Atramentis Rose,((De ?Atramentis )|(DA ))Rose,http://i.imgur.com/g7Aog2N.jpg
Sailor BungBox Kotohogi Kurenai,(sailor )?(bung( )?(-)?box )?(bb )?kotohogi ?-?kurenai,http://i.imgur.com/CplPnXo.jpg
Noodler's Dark Matter,(Noodler(')?s )?dark matter,http://i.imgur.com/xJqXweE.jpg
Rohrer & Klingner Scabiosa,((r( )?(&|and |\+)?( )?k )?|(rohrer (& |and |\+ )klingner ))?scabiosa,http://i.imgur.com/8BDA53q.jpg
Sailor BungBox Fresh Oranges of Lake Hamana,(sailor )?(bung( )?(-)?box )?(bb )?(Fresh )?Oranges of lake hamana,http://i.imgur.com/uq3Fad7.jpg
Noodler's Bulletproof Black,Noodler(')?s (Bulletproof )?Black,http://i.imgur.com/uQUEFoU.jpg
Noodler's Habanero,(Noodler(')?s )?haba(n|ñ)ero,http://i.imgur.com/r7yscsX.jpg
Sailor BungBox Omaezaki Sky,(sailor )?(bung( )?(-)?box )?(bb )?omaezaki sky,http://i.imgur.com/WHgpKcr.jpg
Pilot Iroshizuku Yama-Budo,(pilot )?(iroshizuku )?Yama( )?(-)?budo,http://i.imgur.com/UaDSUjF.jpg
De Atramentis Hyacinth,((De ?Atramentis )|(DA ))?Hyacinth,http://i.imgur.com/InFujUd.jpg
Diamine Hope Pink,(Diamine )?hope pink,http://i.imgur.com/QN4wvKz.jpg
Noodler's Hunter Green,(Noodler(')?s )?Hunter Green,http://i.imgur.com/IG4c4Wg.jpg
Diamine Teal,diamine teal,http://i.imgur.com/ElZniVe.jpg
Diamine Majestic Blue,(Diamine )?majestic blue,http://i.imgur.com/S1SPTQz.jpg
Pilot Iroshizuku Tsuki-yo,(pilot )?(iroshizuku )?Tsuki( )?(-)?yo,http://i.imgur.com/QIOMzOQ.jpg
Sailor BungBox Norwegian Wood,(sailor )?(bung( )?(-)?box )?(bb )?norwegian wood,http://i.imgur.com/xNtm2KU.jpg
Noodler's Ottoman Azure,(Noodler(')?s )?ottoman azure,http://i.imgur.com/gj9GIkY.jpg
KWZ Ink Iron Gall Gummiberry,KWZ(I)? (Ink )?(ig|iron gall )gummiberry,http://i.imgur.com/2bXuNx2.jpg
Noodler's La Couleur Royale,(Noodler(')?s )?La (Couleur |Color |Coleur )Royale?,http://i.imgur.com/6RSy5j3.jpg
Hero 231 Red,Hero (red ?|231 ?)?(231|red)?,http://i.imgur.com/LkMVhl3.jpg
Diamine Raw Sienna,diamine raw sienna,http://i.imgur.com/UfefJev.jpg
Noodler's La Reine Mauve,(Noodler(')?s )?la reine mauve,http://i.imgur.com/ZW8GbCn.jpg
Noodler's Green Marine,(Noodler(')?s )?Green Marine,http://i.imgur.com/iDzdbIW.jpg
Pilot Iroshizuku Murasaki-Shikibu,(Pilot )?(iroshizuku )?Murasaki ?-?shikibu,http://i.imgur.com/GyBCJsV.jpg
Diamine Coral,diamine coral,http://i.imgur.com/PjjgLy6.jpg
Noodler's Beaver,(Noodler(')?s )?Beaver,http://i.imgur.com/cr5rklT.jpg
Chesterfield Garnet,Chesterfield Garnet,http://i.imgur.com/Zc8uP6F.jpg
